Esquema,Tabla,Tipo,Filas
dbo,dtproperties,USER_TABLE,0
softland,aw_vsnp_ValorHist,VIEW,0
softland,awcapturadef,USER_TABLE,49
softland,awcapturarelacion,USER_TABLE,49
softland,awdetlicont,USER_TABLE,0
softland,awdoccont,USER_TABLE,0
softland,awencargmant,USER_TABLE,0
softland,awfichaac,USER_TABLE,0
softland,awfichamemo,USER_TABLE,0
softland,awmantrealizada,USER_TABLE,0
softland,awnotamemo,USER_TABLE,0
softland,awnotas,USER_TABLE,0
softland,awparam,USER_TABLE,1
softland,awplanmantact,USER_TABLE,0
softland,awprocesoscaptura,USER_TABLE,2
softland,awprodu,USER_TABLE,0
softland,awreadec,USER_TABLE,0
softland,awreadmemo,USER_TABLE,0
softland,awrestri,USER_TABLE,0
softland,awtcbaj,USER_TABLE,0
softland,awtcing,USER_TABLE,0
softland,awtgrup,USER_TABLE,0
softland,awtipomant,USER_TABLE,0
softland,awtomainv,USER_TABLE,0
softland,awtomainvdesc,USER_TABLE,0
softland,awtomainvdet,USER_TABLE,0
softland,awtresp,USER_TABLE,0
softland,awtsubgr,USER_TABLE,0
softland,awtubic,USER_TABLE,0
softland,awubicaciones,USER_TABLE,0
softland,b2c_buscavalores,USER_TABLE,112
softland,boletemp,USER_TABLE,0
softland,boletemp2,USER_TABLE,0
softland,boletpro,USER_TABLE,120
softland,boletpro2,USER_TABLE,49
softland,cab_form,USER_TABLE,0
softland,CONTABCOSTOS,USER_TABLE,1044
softland,CONTABCOSTOSDET,USER_TABLE,776
softland,CONTABCOSTOSINF,USER_TABLE,148
softland,cw_clasificadorcuentas,USER_TABLE,7
softland,CW_CpbteBitacoraAprob,USER_TABLE,0
softland,cw_ctasajustesii,USER_TABLE,38
softland,cw_ctasajustesii_2014,USER_TABLE,207
softland,cw_ctasajustesii_2014_sup,USER_TABLE,337
softland,cw_ctasajustesii_anexo,USER_TABLE,2512
softland,cw_ctassii,USER_TABLE,259
softland,cw_ctassii_2014,USER_TABLE,114
softland,cw_ctassii_2014_sup,USER_TABLE,222
softland,cw_ctassii_2016,USER_TABLE,143
softland,cw_ctassii_balance,USER_TABLE,98
softland,cw_ctassii_ifrs,USER_TABLE,55
softland,cw_ctassii_sbif,USER_TABLE,645
softland,cw_ctassii_svs,USER_TABLE,233
softland,cw_ctassiilarga_2017_sup,USER_TABLE,1553
softland,cw_ctassiilce,USER_TABLE,177
softland,cw_ctassiilce_pctas,USER_TABLE,0
softland,cw_declara33xx,USER_TABLE,1
softland,cw_declara33xxcolsel,USER_TABLE,0
softland,cw_declara33xxdoc,USER_TABLE,0
softland,cw_declara33xxivanorec,USER_TABLE,0
softland,cw_declara33xxivanorecv2,USER_TABLE,0
softland,cw_declara33xxotroimp,USER_TABLE,0
softland,cw_declara33xxotroimp1,USER_TABLE,0
softland,cw_declara33xxotroimpv2,USER_TABLE,0
softland,cw_declara33xxvalores,USER_TABLE,0
softland,cw_declara33xxvaloresv2,USER_TABLE,0
softland,cw_documentodecjud,USER_TABLE,0
softland,cw_entidadsupervisora,USER_TABLE,5
softland,cw_lcedocumentoenviado,USER_TABLE,0
softland,cw_lcelogenvios,USER_TABLE,0
softland,cw_tabladec1847codsiivatrib,USER_TABLE,0
softland,Cw_TipoDoc,USER_TABLE,29
softland,cw_vsnp_CapTr,VIEW,0
softland,cw_vsnp_CapTrEstr,VIEW,0
softland,cw_vsnp_CWCOMON,VIEW,0
softland,cw_vsnp_InfBalanceCCosto,VIEW,0
softland,cw_vsnp_TraeVendedorFecE,VIEW,0
softland,CW_vsnpAlarmaSaldoCuenta,VIEW,0
softland,CW_vsnpBEsRe,VIEW,0
softland,CW_vsnpCC,VIEW,0
softland,CW_vsnpConciliacion,VIEW,0
softland,CW_vsnpCpbteSinEfeEnIfrs,VIEW,0
softland,CW_vsnpCpbteSinEfeEnTrib,VIEW,0
softland,CW_vsnpCuentas,VIEW,0
softland,CW_vsnpcwdetli_rut,VIEW,0
softland,CW_vsnpcwmovimlibro_vigente,VIEW,0
softland,CW_vsnpcwmovimlibroRut_vigente,VIEW,0
softland,CW_vsnpcwttdoc_compra,VIEW,0
softland,CW_vsnpcwttdoc_venta,VIEW,0
softland,cw_vsnpDetDocCpbte,VIEW,0
softland,CW_vsnpDetGasto,VIEW,0
softland,cw_vsnpDoctosDTE,VIEW,0
softland,cw_vsnpDoctosERP,VIEW,0
softland,cw_vsnpDoctosERP_EnlacePW,VIEW,0
softland,cw_vsnpLibroMayor,VIEW,0
softland,cw_vsnpLibroMayorA,VIEW,0
softland,cw_vsnpLibroMayorACC,VIEW,0
softland,cw_vsnpLibroMayorAM,VIEW,0
softland,cw_vsnpLibroMayorAMCC,VIEW,0
softland,cw_vsnpLibroMayorCC,VIEW,0
softland,cw_vsnpLibroMayorM,VIEW,0
softland,cw_vsnpLibroMayorMCC,VIEW,0
softland,CW_vsnpLogCWCpbte,VIEW,0
softland,cw_vsnpMovCpbtSitInicNOConc,VIEW,0
softland,CW_vsnpPiezadeSoftCartola,VIEW,0
softland,CW_vsnpPreCaja,VIEW,0
softland,cw_vsnpRutsLCDTE,VIEW,0
softland,CW_vsnpSalCtaDiaIFRS,VIEW,0
softland,CW_vsnpSalCtaDiaTrib,VIEW,0
softland,CW_vsnpSalCtaFEIFRS,VIEW,0
softland,CW_vsnpSalCtaFETrib,VIEW,0
softland,CW_vsnpSalCtaIFRS,VIEW,0
softland,CW_vsnpSalCtaIFRS_Fecha,VIEW,0
softland,CW_vsnpSalCtaTrib,VIEW,0
softland,CW_vsnpSalCtaTrib_Fecha,VIEW,0
softland,CW_vsnpSaldoCuenta,VIEW,0
softland,CW_vsnpSaldos,VIEW,0
softland,cwapcpb,USER_TABLE,0
softland,cwasistiniemp,USER_TABLE,17
softland,cwasistiniempdesc,USER_TABLE,14
softland,cwasistiniemptablas,USER_TABLE,19
softland,cwasistiniemptablasnoborrar,USER_TABLE,132
softland,cwbandamagcheque,USER_TABLE,0
softland,cwbcocta,USER_TABLE,2
softland,cwcmerr,USER_TABLE,0
softland,cwcodmovbancar,USER_TABLE,303
softland,cwcoldtelc,USER_TABLE,62
softland,cwcomon,USER_TABLE,0
softland,CWCOMONIFRS,USER_TABLE,0
softland,cwcpbte,USER_TABLE,95411
softland,cwcpbti,USER_TABLE,160
softland,cwcuadre,USER_TABLE,4
softland,cwcuotasingdoc,USER_TABLE,0
softland,cwdefer,USER_TABLE,3
softland,cwdescproclogcpbte,USER_TABLE,28
softland,cwdetingdoc,USER_TABLE,0
softland,cwdetli,USER_TABLE,80473
softland,cwdetlt,USER_TABLE,53
softland,CWDocSaldos,VIEW,0
softland,CWDocSaldosArea,VIEW,0
softland,CWDocSaldosFV,VIEW,0
softland,CWDoctosPeriodo,VIEW,0
softland,CWDoctosPeriodoArea,VIEW,0
softland,CWDoctosPeriodoResumen,VIEW,0
softland,cwdtefnx,USER_TABLE,3
softland,cwdtefnxdetli,USER_TABLE,9
softland,cwempco,USER_TABLE,1
softland,cwempgr,USER_TABLE,2
softland,cwester,USER_TABLE,145
softland,CWESTRES,VIEW,0
softland,CWESTRESIFRS,VIEW,0
softland,CWESTRESTrib,VIEW,0
softland,cwfoliossueltos,USER_TABLE,0
softland,cwforbco,USER_TABLE,9
softland,cwform29,USER_TABLE,20
softland,cwimgcheque,USER_TABLE,0
softland,CWImgDocto,USER_TABLE,0
softland,cwinfAdidoc,USER_TABLE,0
softland,cwinfAdidocTemp,USER_TABLE,0
softland,cwinfsitfinifrs,USER_TABLE,0
softland,cwingdoccv,USER_TABLE,0
softland,cwingdocrefdocs,USER_TABLE,0
softland,cwlogcpbt,USER_TABLE,137988
softland,cwlogcpbtepw,USER_TABLE,1418
softland,cwlogpardupcorrlc,USER_TABLE,0
softland,cwmovcb,USER_TABLE,30021
softland,cwmovef,USER_TABLE,0
softland,cwmovim,USER_TABLE,455559
softland,cwmovnc,USER_TABLE,0
softland,cwmovpcc,USER_TABLE,0
softland,cwmovti,USER_TABLE,1877
softland,cwnonpc,USER_TABLE,22
softland,cwnonpcfw,USER_TABLE,1
softland,cwparam,USER_TABLE,1
softland,cwparametrosserviciodte,USER_TABLE,1
softland,cwparcierre,USER_TABLE,19
softland,cwpardocing,USER_TABLE,1
softland,cwpardoclib,USER_TABLE,0
softland,CWPCC01,USER_TABLE,367
softland,CWPCD01,USER_TABLE,224
softland,cwpcd01asi,USER_TABLE,37
softland,CWPCD02,USER_TABLE,0
softland,CWPCD03,USER_TABLE,0
softland,CWPCD04,USER_TABLE,0
softland,CWPCD05,USER_TABLE,0
softland,CWPCD06,USER_TABLE,0
softland,CWPCD07,USER_TABLE,0
softland,CWPCD08,USER_TABLE,0
softland,CWPCD09,USER_TABLE,0
softland,CWPCD10,USER_TABLE,0
softland,CWPCD11,USER_TABLE,0
softland,CWPCD12,USER_TABLE,0
softland,CWPCD13,USER_TABLE,0
softland,CWPCD14,USER_TABLE,0
softland,CWPCD15,USER_TABLE,0
softland,CWPCD16,USER_TABLE,0
softland,CWPCD17,USER_TABLE,0
softland,CWPCD18,USER_TABLE,0
softland,CWPCD19,USER_TABLE,0
softland,CWPCD20,USER_TABLE,0
softland,CWPCD21,USER_TABLE,0
softland,cwpcdxx,USER_TABLE,0
softland,CWPCP01,USER_TABLE,85
softland,cwpcp01fw,USER_TABLE,85
softland,CWPCP02,USER_TABLE,127
softland,CWPCP03,USER_TABLE,98
softland,CWPCP04,USER_TABLE,55
softland,CWPCP05,USER_TABLE,645
softland,CWPCP06,USER_TABLE,233
softland,CWPCP07,USER_TABLE,114
softland,CWPCP08,USER_TABLE,16
softland,CWPCP09,USER_TABLE,16
softland,CWPCP10,USER_TABLE,114
softland,CWPCP11,USER_TABLE,143
softland,CWPCP12,USER_TABLE,146
softland,CWPCP13,USER_TABLE,155
softland,CWPCP14,USER_TABLE,155
softland,CWPCP15,USER_TABLE,155
softland,CWPCP16,USER_TABLE,157
softland,CWPCP17,USER_TABLE,157
softland,CWPCP18,USER_TABLE,157
softland,CWPCP19,USER_TABLE,157
softland,CWPCP20,USER_TABLE,157
softland,CWPCP21,USER_TABLE,157
softland,cwpcpxx,USER_TABLE,0
softland,CWPCS01,USER_TABLE,2602
softland,cwpcsxx,USER_TABLE,0
softland,cwpctas,USER_TABLE,280
softland,cwpctasasi,USER_TABLE,57
softland,cwpreca,USER_TABLE,0
softland,cwpreccc,USER_TABLE,0
softland,cwpreop,USER_TABLE,0
softland,CWPREOPE,VIEW,0
softland,cwrestab,USER_TABLE,1
softland,cwrestri,USER_TABLE,0
softland,CWSalCta,VIEW,0
softland,cwSalCtaDia,VIEW,0
softland,CWSalCtaOpe,VIEW,0
softland,cwsaldetcta,USER_TABLE,0
softland,cwsvs,USER_TABLE,53
softland,cwsvscom,USER_TABLE,89
softland,cwsvscon,USER_TABLE,0
softland,cwsvsconcom,USER_TABLE,0
softland,cwtaren,USER_TABLE,0
softland,cwtauxclaneg,USER_TABLE,0
softland,cwtauxd,USER_TABLE,9697
softland,cwtauxi,USER_TABLE,23848
softland,cwtauxi_hist,USER_TABLE,87
softland,cwtauxiimp,USER_TABLE,0
softland,CWTAuxiTAtrDest,USER_TABLE,0
softland,cwTAuxiTTAtr,USER_TABLE,0
softland,cwTAuxiTVAtr,USER_TABLE,0
softland,cwTAuxiTVAtrF,USER_TABLE,0
softland,cwTAuxiTVAtrT,USER_TABLE,0
softland,cwTAuxiTVAtrV,USER_TABLE,0
softland,cwtauxpagos,USER_TABLE,5
softland,cwtauxven,USER_TABLE,80
softland,cwtaxco,USER_TABLE,907
softland,cwtbaseclaneg,USER_TABLE,142
softland,cwtcaja,USER_TABLE,9
softland,cwtcana,USER_TABLE,14
softland,cwtcanaasi,USER_TABLE,5
softland,cwtcarg,USER_TABLE,622
softland,cwtcargasi,USER_TABLE,606
softland,cwtcart,USER_TABLE,311
softland,cwtcccm,USER_TABLE,0
softland,cwtccos,USER_TABLE,453
softland,cwtcgau,USER_TABLE,0
softland,cwtciud,USER_TABLE,250
softland,cwtclaneg,USER_TABLE,0
softland,cwtcobr,USER_TABLE,2
softland,CWTCodPostal,USER_TABLE,346
softland,cwtcoefe,USER_TABLE,88
softland,cwtcomu,USER_TABLE,459
softland,cwtconv,USER_TABLE,10
softland,cwtconvasi,USER_TABLE,5
softland,cwtcvcl,USER_TABLE,20404
softland,cwtdetg,USER_TABLE,84
softland,cwtdetl,USER_TABLE,2
softland,CwTDetLAgp,USER_TABLE,2
softland,cwtdetlasi,USER_TABLE,2
softland,cwtdocbco,USER_TABLE,46
softland,cwtdocl,USER_TABLE,0
softland,cwtdocsii,USER_TABLE,86
softland,cwtefagrup,USER_TABLE,12
softland,cwteqif,USER_TABLE,0
softland,cwteqmo,USER_TABLE,1096
softland,cwtgiro,USER_TABLE,3125
softland,cwtgiroasi,USER_TABLE,1334
softland,cwtglot,USER_TABLE,2
softland,cwtglotasi,USER_TABLE,2
softland,cwtimpuestossii,USER_TABLE,33
softland,cwtinicial,USER_TABLE,3
softland,cwtinst,USER_TABLE,0
softland,cwtipc,USER_TABLE,15
softland,cwtipcef,USER_TABLE,0
softland,cwtmone,USER_TABLE,4
softland,cwtmonebc,USER_TABLE,187
softland,cwtpais,USER_TABLE,28
softland,cwtprovincia,USER_TABLE,59
softland,cwtregion,USER_TABLE,16
softland,cwttdoc,USER_TABLE,81
softland,cwttdocasi,USER_TABLE,15
softland,cwtubic,USER_TABLE,5
softland,cwtubicasi,USER_TABLE,5
softland,cwtvend,USER_TABLE,14
softland,cwtzona,USER_TABLE,6
softland,cwtzonaasi,USER_TABLE,6
softland,cwvsnpLibros,VIEW,0
softland,deparam,USER_TABLE,1
softland,det_form,USER_TABLE,0
softland,DiccionarioLog,USER_TABLE,1
softland,diccionariologcampos,USER_TABLE,93
softland,dte_archivos,USER_TABLE,57304
softland,dte_boletas,USER_TABLE,0
softland,dte_conciliaciondoctos,USER_TABLE,0
softland,dte_detrespenvio,USER_TABLE,51863
softland,dte_doccab,USER_TABLE,77382
softland,dte_doccab_agr,USER_TABLE,0
softland,dte_doccab_orig,USER_TABLE,8397
softland,dte_doccabajuste,USER_TABLE,0
softland,dte_doccabimpret,USER_TABLE,0
softland,dte_doccabivanorec,USER_TABLE,10
softland,dte_doccabivanorecajuste,USER_TABLE,0
softland,dte_doccabliq_agr,USER_TABLE,0
softland,dte_doccabotrimp,USER_TABLE,398
softland,dte_doccabotrimp_agr,USER_TABLE,0
softland,dte_doccabotrimp_orig,USER_TABLE,424
softland,dte_doccabotrimpajuste,USER_TABLE,0
softland,DTE_DocComCarg,USER_TABLE,0
softland,dte_doccomprasman,USER_TABLE,903
softland,dte_doccomprasmanivanorec,USER_TABLE,10
softland,dte_doccomprasmanotroimp,USER_TABLE,54
softland,dte_doccomprastipocaract,USER_TABLE,7
softland,dte_docdesrecglob,USER_TABLE,481
softland,dte_docdesrecglob_orig,USER_TABLE,269
softland,dte_docdet,USER_TABLE,136075
softland,dte_docdet_orig,USER_TABLE,19591
softland,dte_docdetcod,USER_TABLE,185264
softland,dte_docdetcod_orig,USER_TABLE,10858
softland,dte_docdetsubcant,USER_TABLE,3530
softland,dte_docdetsubcant_orig,USER_TABLE,1506
softland,dte_docdetsubdesc,USER_TABLE,12
softland,dte_docdetsubdesc_orig,USER_TABLE,12
softland,dte_docdetsubreca,USER_TABLE,0
softland,dte_docdetsubreca_orig,USER_TABLE,0
softland,dte_docref,USER_TABLE,15903
softland,dte_docref_orig,USER_TABLE,2440
softland,dte_estadosii,USER_TABLE,7276
softland,dte_fechacontabsolode,USER_TABLE,0
softland,dte_foliosanulados,USER_TABLE,93
softland,dte_impretcab,USER_TABLE,16
softland,dte_impretdet,USER_TABLE,81
softland,dte_lcv,USER_TABLE,0
softland,dte_logenviolibro,USER_TABLE,0
softland,dte_logenvioxml,USER_TABLE,55538
softland,dte_loglibrocompra,USER_TABLE,0
softland,dte_logrecenv,USER_TABLE,99011
softland,dte_sdefimpresion,USER_TABLE,3
softland,dte_sdefindicadores,USER_TABLE,27
softland,dte_sdefobligatoriedad,USER_TABLE,4
softland,dte_sdefobligatoriedad_zona,USER_TABLE,70
softland,dte_sdefobligatoriedad_zona_detalle,USER_TABLE,5727
softland,dte_sdefzonas,USER_TABLE,21
softland,dte_sdefzonas_detalle,USER_TABLE,404
softland,dte_siiacteco,USER_TABLE,1371
softland,dte_siicaf,USER_TABLE,260
softland,dte_siicodigosactecohomologados,USER_TABLE,1118
softland,dte_siiivanorec,USER_TABLE,5
softland,dte_siimedpag,USER_TABLE,7
softland,dte_siit_adbultos,USER_TABLE,67
softland,dte_siit_adclausulas,USER_TABLE,18
softland,dte_siit_adfpagos,USER_TABLE,38
softland,dte_siit_admonedas,USER_TABLE,40
softland,dte_siit_adpais,USER_TABLE,233
softland,dte_siit_adptoembarque,USER_TABLE,1253
softland,dte_siit_adumedidas,USER_TABLE,12
softland,dte_siit_adventa,USER_TABLE,5
softland,dte_siit_adviastrans,USER_TABLE,8
softland,dte_siitdoc,USER_TABLE,50
softland,DTE_SiiTDocRef,USER_TABLE,42
softland,dte_siitimp,USER_TABLE,44
softland,dte_siitindexe,USER_TABLE,6
softland,dte_siittipref,USER_TABLE,3
softland,DTE_SIIUMed,USER_TABLE,12
softland,DTE_vsnpDetLibroConInfSII,VIEW,0
softland,DTE_vsnpDocCabIVANoRecTotal,VIEW,0
softland,DTE_vsnpDoccabotrimpTotal,VIEW,0
softland,DTE_vsnpDTE,VIEW,0
softland,DTE_vsnpDTEEnviadosCli,VIEW,0
softland,DTE_vsnpDTEEnviadosSII,VIEW,0
softland,DTE_vsnpDTENoEnDTE_DocCab,VIEW,0
softland,DTE_vsnpDTENoEnSetCli,VIEW,0
softland,DTE_vsnpDTENoEnSetSII,VIEW,0
softland,DTE_vsnpDTENoEnviadosCli,VIEW,0
softland,DTE_vsnpDTENoEnviadosSII,VIEW,0
softland,DTE_vsnpDTEsNOEnviadosCli,VIEW,0
softland,DTE_vsnpDTEsPendientesPorAceptarSii,VIEW,0
softland,DTE_vsnpEnviadosSIINoOk,VIEW,0
softland,DTE_vsnpEnvRespPendSII,VIEW,0
softland,DTE_vsnpEstadoEnvioCli,VIEW,0
softland,DTE_vsnpEstadoEnvioSII,VIEW,0
softland,DTE_vsnpLCVAjDet,VIEW,0
softland,DTE_vsnpLCVAjDet_V,VIEW,0
softland,DTE_vsnpLCVAjDetC,VIEW,0
softland,DTE_vsnpLCVAjDetCW,VIEW,0
softland,DTE_vsnpLCVAjDetV,VIEW,0
softland,DTE_vsnpLCVAjRPC,VIEW,0
softland,DTE_vsnpLCVAjRPC_AN,VIEW,0
softland,DTE_vsnpLCVAjRPV,VIEW,0
softland,DTE_vsnpLCVDet,VIEW,0
softland,DTE_vsnpLCVDet_V,VIEW,0
softland,DTE_vsnpLCVDet_V_AGR,VIEW,0
softland,DTE_vsnpLCVDetC,VIEW,0
softland,DTE_vsnpLCVDetCW,VIEW,0
softland,DTE_vsnpLCVDetV,VIEW,0
softland,DTE_vsnpLCVDetV_AGR,VIEW,0
softland,DTE_vsnpLCVRPC,VIEW,0
softland,DTE_vsnpLCVRPC_AN,VIEW,0
softland,DTE_vsnpLCVRPV,VIEW,0
softland,DTE_vsnpLCVRPV_AGR,VIEW,0
softland,DTE_vsnpSETCli,VIEW,0
softland,DTE_vsnpSetDTENoEnviados,VIEW,0
softland,DTE_vsnpSETNoEnviadosCli,VIEW,0
softland,DTE_XMLCompras,USER_TABLE,1531
softland,dwmobraca,USER_TABLE,0
softland,dwmocostos,USER_TABLE,0
softland,dwmodoc,USER_TABLE,0
softland,dwordmatprod,USER_TABLE,0
softland,dwordprodu,USER_TABLE,0
softland,dwprocdoc,USER_TABLE,0
softland,dwprocesos,USER_TABLE,0
softland,dwreceta,USER_TABLE,0
softland,EC_vsnpCliCotNV,VIEW,0
softland,EC_VsnpTraeAuxiliaresLogCwtauxd,VIEW,0
softland,EC_VsnpTraeAuxiliaresLogCwtauxi,VIEW,0
softland,EC_VsnpTraeAuxiliaresLogCwtaxco,VIEW,0
softland,EC_VsnpTraeAuxiliaresLogCwtcvcl,VIEW,0
softland,ecnotcont,USER_TABLE,0
softland,ECTipSaludo,USER_TABLE,0
softland,FCDocumento,USER_TABLE,0
softland,FCDocumentoNodo,USER_TABLE,0
softland,FCDocumentoParam,USER_TABLE,0
softland,FORMULARIOS,VIEW,0
softland,ge_ratio,USER_TABLE,17
softland,ge_ratio_cuentas,USER_TABLE,0
softland,HW_vsnpContratoDisponible,VIEW,0
softland,HW_vsnpHelpDeskContrato,VIEW,0
softland,hwasistente,USER_TABLE,0
softland,hwcompromiso,USER_TABLE,0
softland,hwcontrato,USER_TABLE,0
softland,hwdeseve,USER_TABLE,0
softland,hwestado,USER_TABLE,0
softland,hweventohlp,USER_TABLE,0
softland,hwtipcontrato,USER_TABLE,0
softland,HWULtEven,VIEW,0
softland,HWUltimoHelpDesk,VIEW,0
softland,iw_aec_doc,USER_TABLE,0
softland,iw_ajustecostop,USER_TABLE,171
softland,iw_b2c_setup,USER_TABLE,0
softland,iw_capturaptovta,USER_TABLE,0
softland,iw_cocod,USER_TABLE,56
softland,iw_convenios,USER_TABLE,0
softland,iw_convmovi,USER_TABLE,0
softland,iw_corrmon,USER_TABLE,0
softland,iw_costoifrs,USER_TABLE,0
softland,iw_costoifrsmonadic,USER_TABLE,0
softland,iw_costop,USER_TABLE,11056
softland,iw_detpicking,USER_TABLE,0
softland,iw_detpresuanual,USER_TABLE,0
softland,Iw_DinCostoAdic,USER_TABLE,0
softland,Iw_DinDeta,USER_TABLE,0
softland,Iw_DinDetaSerie,USER_TABLE,0
softland,Iw_DinEnca,USER_TABLE,0
softland,Iw_DinImpto,USER_TABLE,0
softland,iw_doccompra,USER_TABLE,0
softland,iw_docconvenios,USER_TABLE,0
softland,iw_emiTicket,USER_TABLE,0
softland,iw_encpicking,USER_TABLE,0
softland,iw_encpresuanual,USER_TABLE,0
softland,iw_fictec,USER_TABLE,10
softland,iw_formexcel,USER_TABLE,57
softland,iw_gimpto,USER_TABLE,0
softland,iw_gmovi,USER_TABLE,174634
softland,iw_gmovi_costosalida,USER_TABLE,0
softland,iw_gmovikit,USER_TABLE,230
softland,iw_gmoviserie,USER_TABLE,0
softland,iw_gsaen,USER_TABLE,90775
softland,iw_gsaen_comislf,USER_TABLE,0
softland,iw_gsaen_cuotas,USER_TABLE,3
softland,iw_gsaen_expor,USER_TABLE,8
softland,IW_GSaEn_RefDTE,USER_TABLE,13434
softland,iw_gsaen_refmanejomadera,USER_TABLE,0
softland,iw_gsaen_tauxi,USER_TABLE,78322
softland,iw_gsaenautorizavta,USER_TABLE,0
softland,Iw_GsaenDsctoEmisor,USER_TABLE,0
softland,IW_ImgDocto,USER_TABLE,0
softland,iw_impfiscalactivas,USER_TABLE,0
softland,iw_impresorasfiscales,USER_TABLE,11
softland,iw_IntegrWms,USER_TABLE,0
softland,iw_listaetiquetas,USER_TABLE,0
softland,iw_logactlpxocs,USER_TABLE,0
softland,iw_logaec_doc,USER_TABLE,0
softland,iw_logcontab,USER_TABLE,181789
softland,iw_logcorrmon,USER_TABLE,0
softland,iw_loggsaen,USER_TABLE,113757
softland,iw_loggsaenvw,USER_TABLE,224547
softland,iw_logifrs,USER_TABLE,0
softland,IW_LogRepConsumoFolio,USER_TABLE,1325
softland,iw_logtprod,USER_TABLE,4099
softland,IW_MovimStock,VIEW,0
softland,iw_nivst,USER_TABLE,2
softland,iw_pagosproveedor,USER_TABLE,0
softland,iw_precmayor,USER_TABLE,0
softland,iw_stock,USER_TABLE,0
softland,iw_stockseries,USER_TABLE,0
softland,iw_tbode,USER_TABLE,13
softland,iw_tcateg,USER_TABLE,0
softland,iw_tcomple,USER_TABLE,0
softland,iw_tconvenios,USER_TABLE,0
softland,iw_tdeflcompra,USER_TABLE,0
softland,iw_tdescto,USER_TABLE,10
softland,iw_tgrsubgr,USER_TABLE,65
softland,iw_tgrupo,USER_TABLE,23
softland,iw_timprod,USER_TABLE,2003
softland,iw_timpto,USER_TABLE,1
softland,iw_timpval,USER_TABLE,2
softland,iw_tlispre,USER_TABLE,3
softland,iw_tlpregrsubgr,USER_TABLE,0
softland,iw_tlprprod,USER_TABLE,865
softland,iw_tomainv,USER_TABLE,155
softland,iw_tominvdet,USER_TABLE,2742
softland,iw_tprkit,USER_TABLE,39
softland,iw_tprod,USER_TABLE,2020
softland,iw_tprodcolor,USER_TABLE,0
softland,iw_tprodenvio,USER_TABLE,740
softland,iw_tprodfavoritos,USER_TABLE,0
softland,iw_tprodtalla,USER_TABLE,0
softland,iw_tprodtallacolor,USER_TABLE,0
softland,iw_tprodTTAtr,USER_TABLE,0
softland,iw_tprodTVAtr,USER_TABLE,0
softland,iw_tprodTVAtrF,USER_TABLE,0
softland,iw_tprodTVAtrT,USER_TABLE,0
softland,iw_tprodTVAtrV,USER_TABLE,0
softland,iw_tsubgr,USER_TABLE,27
softland,iw_tsusti,USER_TABLE,0
softland,iw_tumed,USER_TABLE,17
softland,iw_ultcorrelptovta,USER_TABLE,0
softland,iw_varcmon,USER_TABLE,0
softland,iw_vencfolio,USER_TABLE,6
softland,IW_VentasMes,VIEW,0
softland,IW_View_EstVtaCli_Doctos,VIEW,0
softland,iw_vnr,USER_TABLE,0
softland,iw_VProdTallaColor,VIEW,0
softland,IW_VProdTallaYColorYTallaColor,VIEW,0
softland,IW_vsnp_DoctosRefs,VIEW,0
softland,Iw_Vsnp_DocumentosEnviadosalSII,VIEW,0
softland,IW_vsnp_MovtosDTE,VIEW,0
softland,IW_vsnp_MovtosDTEconKIT,VIEW,0
softland,IW_vsnp_MovtosDTEconKITGroupProducto,VIEW,0
softland,IW_vsnp_MovtosDTEGroupProducto,VIEW,0
softland,iw_vsnpAutVenta,VIEW,0
softland,IW_vsnpAuxFVentasBod,VIEW,0
softland,IW_vsnpAuxMVentasBod,VIEW,0
softland,IW_vsnpCantDespEnFactura,VIEW,0
softland,IW_vsnpCantDespEnFacturaNC,VIEW,0
softland,IW_vsnpCantDespEnGuia,VIEW,0
softland,IW_vsnpConsumoOrdProdDet,VIEW,0
softland,IW_vsnpConsumoOrdProdDetAtrib,VIEW,0
softland,IW_vsnpConsumoOrdProdDetIFRS,VIEW,0
softland,IW_vsnpConsumoOrdProdRes,VIEW,0
softland,IW_vsnpConsumosOT,VIEW,0
softland,IW_VsnpConsVtasXProd,VIEW,0
softland,IW_VsnpConsVtasXProdCli,VIEW,0
softland,IW_VsnpConsVtasXProdDoc,VIEW,0
softland,IW_VsnpConsVtasXProdDocVendCli,VIEW,0
softland,IW_VsnpConsVtasXProdVend,VIEW,0
softland,IW_VsnpCostoPorFecha,VIEW,0
softland,IW_VsnpDespXProd,VIEW,0
softland,IW_VsnpDevNVenIW,VIEW,0
softland,IW_VsnpDevolEnlazadasADesp,VIEW,0
softland,IW_vsnpDocDesRec,VIEW,0
softland,IW_vsnpDocRef,VIEW,0
softland,IW_vsnpDocRefFacturaBatch,VIEW,0
softland,IW_VSNPDocSaldosCW,VIEW,0
softland,IW_vsnpDoctosEnCW,VIEW,0
softland,Iw_VsnpDoctoTC,VIEW,0
softland,iw_vsnpFacLoteNVenta,VIEW,0
softland,IW_vsnpFecValorUltimaCompra,VIEW,0
softland,IW_vsnpGuiasEntradaxOC,VIEW,0
softland,IW_vsnpImpuestosPorAuxiliarUnaLinea,VIEW,0
softland,IW_VsnpInfConHis,VIEW,0
softland,IW_VsnpInfConOP,VIEW,0
softland,IW_VsnpInfRotIW,VIEW,0
softland,IW_vsnpMovimBodRCT,VIEW,0
softland,IW_vsnpMovimBodRCTLifoFifo,VIEW,0
softland,IW_vsnpMovimBodRCTSerie,VIEW,0
softland,IW_vsnpMovimStockKitTipoBod,VIEW,0
softland,IW_vsnpMovimStockTipoBod,VIEW,0
softland,IW_vsnpMovimStockTipoBodApe,VIEW,0
softland,IW_vsnpMovimStockTipoBodAux,VIEW,0
softland,IW_vsnpMovimStockTipoBodAuxRCT,VIEW,0
softland,IW_vsnpMovimStockTipoBodSerie,VIEW,0
softland,IW_vsnpMovimStockTipoBodSerieApe,VIEW,0
softland,IW_vsnpMovimStockTipoBodSerieAux,VIEW,0
softland,IW_VsnpNVentaSinDesp,VIEW,0
softland,IW_vsnpPagosProveedNC,VIEW,0
softland,IW_vsnpPagosProveedND,VIEW,0
softland,IW_vsnpPagosProveedorDC,VIEW,0
softland,IW_vsnpPagosProveedorSaldo,VIEW,0
softland,IW_vsnpProductos,VIEW,0
softland,IW_vsnpRegistroVentasSII_NODTES,VIEW,0
softland,IW_vsnpResumVtasSII_Consol,VIEW,0
softland,IW_vsnpResumVtasSII_GroupCodArn,VIEW,0
softland,IW_vsnpSaldoEntradas,VIEW,0
softland,IW_vsnpSaldoEntradasPorTipoBodega,VIEW,0
softland,IW_vsnpSalidasNetas,VIEW,0
softland,IW_VsnpStockDisParPieTalCol,VIEW,0
softland,IW_vsnpVentas,VIEW,0
softland,IW_VsnpVNRPorFecha,VIEW,0
softland,IW_vsnpWG_Parametricas_Stock_BodProd,VIEW,0
softland,IW_vsnpWG_Parametricas_Stock_FechasMov,VIEW,0
softland,iwcapturadef,USER_TABLE,288
softland,iwcapturarelacion,USER_TABLE,121
softland,IwClteEspecial,USER_TABLE,0
softland,iwformatos,USER_TABLE,0
softland,iwistock,USER_TABLE,0
softland,IwlogAddIn,USER_TABLE,0
softland,iwlogParam,USER_TABLE,382
softland,IWnuprotec1074620260701104208,USER_TABLE,4
softland,IWnuprotec1778020260701104145,USER_TABLE,2
softland,IWnuprotec2142920260630172506,USER_TABLE,5
softland,IWnuprotec2234520260701111410,USER_TABLE,3
softland,IWnuprotec2391120260701155442,USER_TABLE,2
softland,IWnuprotec2552520260701111323,USER_TABLE,3
softland,IWnuprotec2873220260630165253,USER_TABLE,2
softland,IWnuprotec2919720260701111337,USER_TABLE,3
softland,IWnuprotec2959620260630172134,USER_TABLE,6
softland,IWnuprotec6670820260701114041,USER_TABLE,0
softland,IWnuprotec6674020260701114041,USER_TABLE,0
softland,IWnuprotec6677120260701114041,USER_TABLE,0
softland,IWnuprotec6685220260701114041,USER_TABLE,0
softland,IWnuprotec7353420260630162715,USER_TABLE,87
softland,IWnuprotec7603520260630092457,USER_TABLE,8
softland,IWnuprotec7628820260630165138,USER_TABLE,1
softland,IWnuprotec7854620260701121457,USER_TABLE,7
softland,iwparam,USER_TABLE,1
softland,iwparamcontabcompra,USER_TABLE,8
softland,iwprocesoscaptura,USER_TABLE,12
softland,iwpromociones,USER_TABLE,0
softland,iwrestpagocondvta,USER_TABLE,0
softland,iwtdetl,USER_TABLE,3
softland,LOG_CWDETLI,USER_TABLE,18688
softland,LOG_CWMOVIM,USER_TABLE,83893
softland,log_cwpctas,USER_TABLE,198
softland,LOG_DTE_DOCCAB,USER_TABLE,25875
softland,log_gestiondte,USER_TABLE,14
softland,LogCwcpbte,USER_TABLE,417153
softland,LogCwtauxd,USER_TABLE,26385
softland,LogCwtauxi,USER_TABLE,34008
softland,LogCwtauxven,USER_TABLE,93
softland,LogCwtaxco,USER_TABLE,1020
softland,LogCwtcvcl,USER_TABLE,28003
softland,LogCWTTDoc,USER_TABLE,121
softland,LogIW_TProd,USER_TABLE,33846
softland,LogIWParam,USER_TABLE,116929
softland,LogNWparam,USER_TABLE,32
softland,LogReplicaConParamHolding,USER_TABLE,0
softland,LogVW_TCAJA,USER_TABLE,25
softland,LogVWParam,USER_TABLE,50
softland,meses,USER_TABLE,13
softland,N50uprotec7667920260701170925,USER_TABLE,3
softland,N50uprotec7689920260630175928,USER_TABLE,3
softland,nw_aprob,USER_TABLE,0
softland,nw_aprobdetalle,USER_TABLE,7684
softland,nw_cotmovikit,USER_TABLE,2
softland,nw_ctipomovikit,USER_TABLE,0
softland,nw_detnv,USER_TABLE,12469
softland,nw_impto,USER_TABLE,7087
softland,nw_lognwcotiza,USER_TABLE,19801
softland,nw_lognwnventa,USER_TABLE,10445
softland,nw_nvdoctos,USER_TABLE,0
softland,nw_nventa,USER_TABLE,7088
softland,NW_NventaTTAtr,USER_TABLE,1
softland,NW_NventaTVAtr,USER_TABLE,0
softland,NW_NventaTVAtrF,USER_TABLE,0
softland,NW_NventaTVAtrT,USER_TABLE,0
softland,NW_NventaTVAtrV,USER_TABLE,0
softland,nw_nvmovikit,USER_TABLE,5
softland,NW_ow_vsnpMovimIWDetalleOC,VIEW,0
softland,NW_OW_VsnpSaldoDetalleOC,VIEW,0
softland,NW_vsnpDetIW,VIEW,0
softland,NW_vsnpDetIWTotal,VIEW,0
softland,NW_VsnpDetNotaVenta,VIEW,0
softland,NW_vsnpDetNV,VIEW,0
softland,NW_vsnpDetNVConKit,VIEW,0
softland,NW_vsnpDetNVProd,VIEW,0
softland,NW_vsnpEstadoDetNW,VIEW,0
softland,NW_vsnpEstadoNW,VIEW,0
softland,NW_VsnpEstDespFactRes,VIEW,0
softland,NW_vsnpInfoProducto,VIEW,0
softland,NW_VsnpMOVNVenIW,VIEW,0
softland,NW_VsnpMOVNVenIW_Ini,VIEW,0
softland,NW_VsnpMOVNVenIWProd,VIEW,0
softland,nwcapturadef,USER_TABLE,57
softland,nwcapturarelacion,USER_TABLE,0
softland,nwcotiza,USER_TABLE,8332
softland,nwctdoctos,USER_TABLE,0
softland,nwctimpto,USER_TABLE,8324
softland,nwdetcot,USER_TABLE,14893
softland,nwformato,USER_TABLE,4
softland,NWnuprotec7172920260630094823,USER_TABLE,6
softland,NWnuprotec7338920260630140205,USER_TABLE,5
softland,nwparam,USER_TABLE,1
softland,nwperdida,USER_TABLE,7
softland,nwprocesoscaptura,USER_TABLE,1
softland,NWRptAprobManualTmpSP,USER_TABLE,0
softland,nwsoliapr,USER_TABLE,0
softland,nwtcotipo,USER_TABLE,0
softland,nwtipocotiza,USER_TABLE,0
softland,nwtipoctdctos,USER_TABLE,0
softland,nwtipodetcot,USER_TABLE,0
softland,nwtsegui,USER_TABLE,0
softland,nwttcomp,USER_TABLE,1
softland,opcionesexcel,USER_TABLE,5
softland,Ow_Archivos,USER_TABLE,0
softland,OW_FormatoCorreo,USER_TABLE,0
softland,OW_ProcesoCorreo,USER_TABLE,1
softland,OW_TAGCorreo,USER_TABLE,3
softland,Ow_VsnpAprobacionesOC,VIEW,0
softland,Ow_VsnpAprobadores,VIEW,0
softland,Ow_vSnpAprobadores_x_Nivel_x_Arn,VIEW,0
softland,Ow_VsnpAprobadoresYsinAsignar,VIEW,0
softland,OW_vsnpConsOCFecha,VIEW,0
softland,OW_vsnpConsProducto,VIEW,0
softland,OW_vsnpConsProveedor,VIEW,0
softland,OW_vsnpEtapaOC,VIEW,0
softland,OW_vsnpInfConveniosPorProdProv,VIEW,0
softland,ow_vsnpMovimIWDetalleOC,VIEW,0
softland,Ow_vSnpOCPendientes_UltimoNivelAprobacion,VIEW,0
softland,Ow_VsnpPermisos,VIEW,0
softland,ow_vsnpSaldoDetalleOC,VIEW,0
softland,OW_vsnpSaldoOCxLinea,VIEW,0
softland,OW_vsnpTraeEncabezadoDetOrden,VIEW,0
softland,OW_vsnpTraeEncabezadoOCompra,VIEW,0
softland,OW_vsnpTraeEstadoEtapa,VIEW,0
softland,OW_vsnpTraeEstadoEtapaOrdenCom,VIEW,0
softland,OW_vsnpTraeEtapaProductoReq,VIEW,0
softland,OW_vsnpTraeEtapaProductoReqAp,VIEW,0
softland,OW_vsnpTraeProdustoDescOrdenComDet,VIEW,0
softland,OW_vsnpValorUltimaCompra,VIEW,0
softland,owaprobacionesoc,USER_TABLE,0
softland,owaprobadorescc,USER_TABLE,0
softland,owaprobadoresoc,USER_TABLE,8
softland,owaprobmontos,USER_TABLE,0
softland,owcapturadef,USER_TABLE,84
softland,owcapturarelacion,USER_TABLE,0
softland,owdctosoc,USER_TABLE,1
softland,owdctostipo,USER_TABLE,0
softland,owdescprod,USER_TABLE,0
softland,owdesctot,USER_TABLE,0
softland,owestetapa,USER_TABLE,5
softland,owetapasreq,USER_TABLE,5
softland,owformatos,USER_TABLE,1
softland,owguiadet,USER_TABLE,0
softland,owguiarec,USER_TABLE,0
softland,owimptipo,USER_TABLE,0
softland,owimptos,USER_TABLE,0
softland,owlargodetprod,USER_TABLE,1
softland,owlogdoclock,USER_TABLE,197
softland,owlogestadosoc,USER_TABLE,24
softland,owlogordenc,USER_TABLE,795
softland,owlogsolaproboc,USER_TABLE,0
softland,ownivelaprob,USER_TABLE,0
softland,ownivelaproboc,USER_TABLE,2
softland,owobsoc,USER_TABLE,336
softland,owobsoctipo,USER_TABLE,0
softland,owobsreq,USER_TABLE,0
softland,owordencom,USER_TABLE,336
softland,OwOrdenCom_Cv_20110616,USER_TABLE,380
softland,owordendet,USER_TABLE,2289
softland,owordendetdis,USER_TABLE,0
softland,owparam,USER_TABLE,1
softland,owprocesoscaptura,USER_TABLE,1
softland,owreqdet,USER_TABLE,0
softland,owreqoc,USER_TABLE,0
softland,owrequisicion,USER_TABLE,0
softland,OwRequisicionTTAtr,USER_TABLE,0
softland,OwRequisicionTVAtr,USER_TABLE,0
softland,OwRequisicionTVAtrF,USER_TABLE,0
softland,OwRequisicionTVAtrT,USER_TABLE,0
softland,OwRequisicionTVAtrV,USER_TABLE,0
softland,OWRespAdquiCC,USER_TABLE,0
softland,OWRespAdquiEmp,USER_TABLE,0
softland,owsolicitanterq,USER_TABLE,6
softland,OWTConP,VIEW,0
softland,owtestado,USER_TABLE,3
softland,owtestguia,USER_TABLE,2
softland,owtetapa,USER_TABLE,5
softland,owtipodet,USER_TABLE,0
softland,owtipooc,USER_TABLE,0
softland,parametrosexcel,USER_TABLE,0
softland,pe_vsnpTraeMesesPreparados,VIEW,0
softland,peparam,USER_TABLE,1
softland,PERFILES,VIEW,0
softland,PERFILUSUARIO,VIEW,0
softland,pesformularios,USER_TABLE,10
softland,pesperfiles,USER_TABLE,0
softland,pesperfilusuario,USER_TABLE,0
softland,pesrestperfil,USER_TABLE,0
softland,pesrestricciones,USER_TABLE,31
softland,pesrestusuario,USER_TABLE,0
softland,pessistemas,USER_TABLE,1
softland,pesusuarios,USER_TABLE,0
softland,pw_log_cheques,USER_TABLE,1182
softland,pw_vsnp_PWNOMINA,VIEW,0
softland,PW_vsnpPagos,VIEW,0
softland,PW_vsnpPagosDos,VIEW,0
softland,pwcabnominapagadas,USER_TABLE,0
softland,PWConceptoDist,USER_TABLE,0
softland,pwcontr,USER_TABLE,12185
softland,pwctaslcdte,USER_TABLE,6
softland,pwctasportalproveedor,USER_TABLE,30
softland,pwdetdocfcnc,USER_TABLE,0
softland,pwdetnominapagadas,USER_TABLE,0
softland,pwdirdespfcdte,USER_TABLE,0
softland,pwdistrxcc,USER_TABLE,0
softland,pwdoccom,USER_TABLE,7682
softland,pwdocfcnc,USER_TABLE,0
softland,PWEstadosDocsDTE,VIEW,0
softland,pwestraux,USER_TABLE,21
softland,pweventos,USER_TABLE,0
softland,pwformaspago,USER_TABLE,61
softland,PWformatos,USER_TABLE,3
softland,pwformcheq,USER_TABLE,0
softland,pwfp_corpbanca,USER_TABLE,4
softland,PWFPagosAuxi,USER_TABLE,0
softland,pwglodocfcnc,USER_TABLE,0
softland,pwglosas,USER_TABLE,0
softland,pwhabilportalproveedor,USER_TABLE,0
softland,pwhisfec,USER_TABLE,0
softland,pwhistguias,USER_TABLE,768
softland,pwinfAdidocTemp,USER_TABLE,0
softland,pwlogpagodoccedidos,USER_TABLE,0
softland,pwncnddte,USER_TABLE,1
softland,pwnominaarchivo,USER_TABLE,0
softland,pwoficinasbco,USER_TABLE,1074
softland,pwparam,USER_TABLE,1
softland,pwparambcos,USER_TABLE,0
softland,pwparamivaret,USER_TABLE,1
softland,pwpardoctcro,USER_TABLE,1
softland,pwpardoctcroporcneto,USER_TABLE,1
softland,pwparnom,USER_TABLE,2
softland,pwreldocbcoerp,USER_TABLE,0
softland,PWRetencionIVAEmp,USER_TABLE,0
softland,pwsectorfinancierobco,USER_TABLE,26
softland,pwtcont,USER_TABLE,0
softland,pwtcpag,USER_TABLE,0
softland,pwtcta_corpbanca,USER_TABLE,4
softland,pwtipoaviso,USER_TABLE,6
softland,pwtipoavisobancos,USER_TABLE,3
softland,pwtipodocumentobco,USER_TABLE,26
softland,pwtiponominabco,USER_TABLE,16
softland,pwtipopago,USER_TABLE,104
softland,PWTipoTransDTE,USER_TABLE,7
softland,PWToken,USER_TABLE,0
softland,pwts_corpbanca,USER_TABLE,21
softland,PWUsoPortalProv,USER_TABLE,0
softland,QAreasyCuentas,VIEW,0
softland,replicaconparamholding,USER_TABLE,0
softland,replicacontablasconsolidado,USER_TABLE,13
softland,RESTAB,VIEW,0
softland,RESTPERFIL,VIEW,0
softland,RESTPROC,VIEW,0
softland,RESTRI,VIEW,0
softland,RESTRICCIONES,VIEW,0
softland,RESTUSUARIO,VIEW,0
softland,RGParam,USER_TABLE,1
softland,sii_comuna,USER_TABLE,347
softland,sii_cwanx2ajuste,USER_TABLE,518
softland,sii_cwtipoajustecontribuyente,USER_TABLE,3
softland,sii_cwtipoajustecontribuyente_2014_sup,USER_TABLE,62
softland,sii_impto2dacat,USER_TABLE,8
softland,sii_rubros,USER_TABLE,12
softland,sii_subrubros,USER_TABLE,57
softland,sii_tacteco,USER_TABLE,698
softland,sii_timpto,USER_TABLE,27
softland,SISTEMAS,VIEW,0
softland,so_dispositivos,USER_TABLE,1
softland,so_dispositivosdet,USER_TABLE,0
softland,so_estruc,USER_TABLE,0
softland,so_FechaActualizacion,USER_TABLE,1
softland,SO_Fechas,USER_TABLE,1829625
softland,SO_Numeros,USER_TABLE,10000000
softland,so_TablaUFPaso,USER_TABLE,648
softland,so_UF,USER_TABLE,648
softland,so_vsnpFechas,VIEW,0
softland,so_vsnpFechasFaltantesEnUF,VIEW,0
softland,soautoriza,USER_TABLE,0
softland,sobancosuc,USER_TABLE,18
softland,socapturadef,USER_TABLE,64
softland,socapturarelacion,USER_TABLE,58
softland,sociudades,USER_TABLE,949
softland,socomunas,USER_TABLE,346
softland,soconfiguracioncorreos,USER_TABLE,6
softland,socorrigedatos,USER_TABLE,1
softland,sodocuimp,USER_TABLE,10
softland,sodocuimparchivo,USER_TABLE,10
softland,soempre,USER_TABLE,1
softland,soEmpreCertificadoDTE,USER_TABLE,0
softland,soempredoctosdte,USER_TABLE,25
softland,soformatocapdef,USER_TABLE,323
softland,soformatocapdefm,USER_TABLE,156
softland,soformatocaprel,USER_TABLE,0
softland,SoFormatoDetalleRollo,USER_TABLE,0
softland,soformatodocvtas,USER_TABLE,2
softland,soformatoprocapm,USER_TABLE,0
softland,soformatoproccap,USER_TABLE,0
softland,sologempresa,USER_TABLE,0
softland,somonedas,USER_TABLE,187
softland,SOMSGACTCAMBIOVER,USER_TABLE,5
softland,sopaises,USER_TABLE,240
softland,soparam,USER_TABLE,1
softland,soprocesoscaptura,USER_TABLE,1
softland,soprocesosemail,USER_TABLE,145
softland,soprovincias,USER_TABLE,56
softland,soregiones,USER_TABLE,16
softland,sotbltlbcons,USER_TABLE,13
softland,sotransoc,USER_TABLE,0
softland,sw_afilvolper,USER_TABLE,0
softland,sw_afp,USER_TABLE,7
softland,sw_afpper,USER_TABLE,113
softland,Sw_AfpPer_Cotiz_NUEVO,USER_TABLE,2972
softland,SW_AfpPer_Cotiz_NUEVO_Regulariza_NMeses,USER_TABLE,0
softland,Sw_AfpPer1,VIEW,0
softland,Sw_AfpPer2,VIEW,0
softland,Sw_AfpPer3,VIEW,0
softland,Sw_AfpPer4,VIEW,0
softland,Sw_AfpPer5,VIEW,0
softland,Sw_AfpPeriodos,USER_TABLE,364
softland,sw_afpprev,USER_TABLE,0
softland,SW_APVPer,USER_TABLE,0
softland,SW_ApvPer_Resp,USER_TABLE,0
softland,sw_arboldef,USER_TABLE,1
softland,sw_arboldoc,USER_TABLE,1
softland,Sw_Archivos,USER_TABLE,1
softland,sw_archivosextension,USER_TABLE,14
softland,sw_archivosmesper,USER_TABLE,0
softland,sw_archivosprocesos,USER_TABLE,1
softland,sw_areanegper,USER_TABLE,0
softland,sw_atrib_per,USER_TABLE,0
softland,sw_atributo,USER_TABLE,1
softland,sw_banco_suc,USER_TABLE,13
softland,sw_bloqueo,USER_TABLE,0
softland,sw_boletahonorario,USER_TABLE,0
softland,sw_caasigvariables,USER_TABLE,0
softland,sw_caasigvariableshorasextras,USER_TABLE,0
softland,sw_cajacomp,USER_TABLE,5
softland,sw_cajaper,USER_TABLE,110
softland,sw_calogeventos,USER_TABLE,0
softland,sw_camestado,USER_TABLE,0
softland,sw_camficha,USER_TABLE,0
softland,sw_camfichahistoria,USER_TABLE,0
softland,sw_camorden,USER_TABLE,72
softland,sw_caoperador,USER_TABLE,0
softland,sw_capersonalporoperador,USER_TABLE,0
softland,Sw_CapFichasFiniquitadas,USER_TABLE,0
softland,sw_captucert01,USER_TABLE,0
softland,sw_captucert02,USER_TABLE,0
softland,sw_captucert03,USER_TABLE,0
softland,sw_captucert48,USER_TABLE,0
softland,sw_caregistroasistencia,USER_TABLE,0
softland,sw_caregistroasistenciahorasextras,USER_TABLE,0
softland,sw_cargas,USER_TABLE,3
softland,sw_cargoper,USER_TABLE,28
softland,sw_catipoausentismoporoperador,USER_TABLE,0
softland,Sw_CaUrlProcesos,USER_TABLE,22
softland,sw_ccostoper,USER_TABLE,0
softland,sw_certifhon,USER_TABLE,18
softland,sw_certifrta,USER_TABLE,166
softland,sw_chanocalen,USER_TABLE,0
softland,Sw_ChArchivosWeb,USER_TABLE,0
softland,sw_chasigvariables,USER_TABLE,0
softland,sw_chausentismos,USER_TABLE,0
softland,sw_chausentper,USER_TABLE,0
softland,sw_chcalendario,USER_TABLE,0
softland,sw_chcalendariodn,USER_TABLE,0
softland,sw_chdefgrutur,USER_TABLE,0
softland,sw_chdefgrutures,USER_TABLE,0
softland,Sw_Cheques,VIEW,0
softland,Sw_Cheques_NUEVO,USER_TABLE,0
softland,sw_cheventos,USER_TABLE,0
softland,sw_chexfesttur,USER_TABLE,0
softland,sw_chfestivos,USER_TABLE,0
softland,sw_chgrupo,USER_TABLE,0
softland,sw_chgruturnoper,USER_TABLE,0
softland,sw_chmarcamodeloreloj,USER_TABLE,123
softland,sw_chparam,USER_TABLE,1
softland,sw_chparamweb,USER_TABLE,0
softland,sw_chparinf,USER_TABLE,0
softland,sw_chrelojes,USER_TABLE,0
softland,sw_chrelojesper,USER_TABLE,0
softland,sw_chsobretiempoper,USER_TABLE,0
softland,sw_cmbaux,USER_TABLE,0
softland,sw_cmbtrp,USER_TABLE,1
softland,sw_codactemp,USER_TABLE,1
softland,sw_codine,USER_TABLE,0
softland,sw_codineper,USER_TABLE,0
softland,sw_colinforme,USER_TABLE,127
softland,sw_conceptosmovpersonal,USER_TABLE,18
softland,sw_config_sch,USER_TABLE,1
softland,sw_constante,USER_TABLE,42
softland,Sw_ConstValor,VIEW,0
softland,Sw_ConstValor_NUEVO,USER_TABLE,3195
softland,sw_contratoapvper,USER_TABLE,0
softland,sw_contratosapv,USER_TABLE,0
softland,sw_decl1879,USER_TABLE,0
softland,sw_decl1887,USER_TABLE,0
softland,sw_det_billetes,USER_TABLE,0
softland,sw_diasanoserv,USER_TABLE,101
softland,sw_diasvacanuper,USER_TABLE,46
softland,Sw_DistCC,VIEW,0
softland,Sw_DistCC_NUEVO,USER_TABLE,0
softland,sw_docconfin,USER_TABLE,7
softland,sw_edimatico,USER_TABLE,0
softland,sw_encargremune,USER_TABLE,0
softland,Sw_EstadoPdj_Cv_20100310,USER_TABLE,0
softland,Sw_EstadoPer,VIEW,0
softland,Sw_EstadoPer_NUEVO,USER_TABLE,3583
softland,SW_EstadoPer_NUEVO_Regulariza_NMeses,USER_TABLE,0
softland,sw_estados,USER_TABLE,3
softland,sw_estudiosup,USER_TABLE,3
softland,sw_evento,USER_TABLE,1
softland,sw_eventos_per,USER_TABLE,0
softland,sw_folem,USER_TABLE,3
softland,sw_folemcons,USER_TABLE,0
softland,sw_forglosa,USER_TABLE,0
softland,sw_formato,USER_TABLE,4
softland,sw_formatocorreo,USER_TABLE,1
softland,sw_formatoImpresionNoConfigurable,USER_TABLE,0
softland,sw_formatoImpresionNoConfigurableDetalle,USER_TABLE,0
softland,sw_formatoImpresionNoConfigurableDetalleNoVisible,USER_TABLE,0
softland,SW_FormatoWord,USER_TABLE,0
softland,sw_formcheq,USER_TABLE,0
softland,sw_glosafiniquito,USER_TABLE,6
softland,sw_gruanper,USER_TABLE,0
softland,sw_grupoan,USER_TABLE,0
softland,Sw_Impuestos,VIEW,0
softland,Sw_Impuestos_NUEVO,USER_TABLE,623
softland,sw_infocer,USER_TABLE,2
softland,sw_infodec,USER_TABLE,1
softland,sw_informe,USER_TABLE,7
softland,Sw_InpPer_Cotiz_NUEVO,USER_TABLE,2245
softland,SW_InpPer_Cotiz_NUEVO_Regulariza_NMeses,USER_TABLE,0
softland,Sw_InpPer1,VIEW,0
softland,Sw_InpPer2,VIEW,0
softland,sw_instapv,USER_TABLE,0
softland,Sw_IsaPer1,VIEW,0
softland,Sw_IsaPer2,VIEW,0
softland,Sw_IsaPer3,VIEW,0
softland,Sw_IsaPer4,VIEW,0
softland,Sw_IsaPer5,VIEW,0
softland,sw_isapre,USER_TABLE,15
softland,sw_isapreper,USER_TABLE,77
softland,Sw_IsaprePer_Cotiz_NUEVO,USER_TABLE,1044
softland,SW_IsaprePer_Cotiz_NUEVO_Regulariza_NMeses,USER_TABLE,0
softland,sw_libremu,USER_TABLE,13
softland,SW_ListaTablas_NuevoMes_FueraRango,USER_TABLE,21
softland,SW_ListaTablas_NuevoMes_FueraRango_LOG_Eliminados,USER_TABLE,0
softland,sw_lmactlaboral,USER_TABLE,10
softland,sw_lmcalculomes,USER_TABLE,228
softland,sw_lmcalidad,USER_TABLE,4
softland,sw_lmdiagnosmed,USER_TABLE,0
softland,SW_LMEArchivos,USER_TABLE,0
softland,SW_LMECajasPrev,USER_TABLE,52
softland,SW_LMEempresa,USER_TABLE,0
softland,sw_lmeestadosimed,USER_TABLE,29
softland,sw_lmeestadotransaccion,USER_TABLE,0
softland,sw_lmelicenciasimed,USER_TABLE,0
softland,sw_lmeparamconcepmes,USER_TABLE,0
softland,sw_lmeparamconceptos,USER_TABLE,5
softland,sw_lmespecmed,USER_TABLE,0
softland,SW_LMETipNoRecepcion,USER_TABLE,5
softland,SW_LMETipRechazo,USER_TABLE,5
softland,SW_LMETipResolucion,USER_TABLE,6
softland,SW_LMETramitCCAF,USER_TABLE,15
softland,sw_lmexml,USER_TABLE,0
softland,sw_lmexmlTramitada,USER_TABLE,0
softland,SW_LMEZonaC3,USER_TABLE,0
softland,SW_LMEZonaC4,USER_TABLE,0
softland,sw_lmlicencia,USER_TABLE,196
softland,sw_lmlicmedlog,USER_TABLE,243
softland,sw_lmocupacion,USER_TABLE,9
softland,sw_lmparam,USER_TABLE,89
softland,sw_lmsubsidio,USER_TABLE,8
softland,sw_lmtipolicen,USER_TABLE,7
softland,sw_lredetalletablas,USER_TABLE,575
softland,sw_lreformato,USER_TABLE,160
softland,sw_lreformato_parametrizacion,USER_TABLE,3560
softland,sw_manoobraper,USER_TABLE,0
softland,sw_masinfo,USER_TABLE,0
softland,sw_mensaje,USER_TABLE,0
softland,Sw_MesCe,VIEW,0
softland,Sw_MesCe_NUEVO,USER_TABLE,0
softland,sw_metodocalculomes,USER_TABLE,339
softland,sw_movpersonalmes,USER_TABLE,537
softland,sw_movpervsinsti,USER_TABLE,116
softland,sw_movtrp,USER_TABLE,20
softland,SW_Nacionalidad,USER_TABLE,2
softland,sw_pagoprestam,USER_TABLE,704
softland,Sw_PeBitacora,USER_TABLE,0
softland,Sw_PeBitacoraDocs,USER_TABLE,0
softland,Sw_PeBitacoraLog,USER_TABLE,0
softland,Sw_PeHojaVida,USER_TABLE,0
softland,Sw_PeHojaVidaDocs,USER_TABLE,0
softland,Sw_PeHojaVidaDocsLog,USER_TABLE,0
softland,Sw_PeHojaVidaLog,USER_TABLE,0
softland,sw_pemenuopciones,USER_TABLE,32
softland,sw_personal,USER_TABLE,46
softland,sw_personalaux,USER_TABLE,0
softland,sw_personalaux2,USER_TABLE,0
softland,SW_PersonalMensual,USER_TABLE,3697
softland,SW_PersonalMensual_RESP,USER_TABLE,2870
softland,Sw_PersonDJ,USER_TABLE,9
softland,Sw_PersonDj_Cv_20100310,USER_TABLE,0
softland,sw_personpaso,USER_TABLE,57
softland,sw_plantwordselec,USER_TABLE,0
softland,Sw_PorcImpRetenido,USER_TABLE,10
softland,sw_ppcalculomes,USER_TABLE,0
softland,sw_pppermiso,USER_TABLE,0
softland,sw_pppermisolog,USER_TABLE,0
softland,sw_prestamo,USER_TABLE,3
softland,sw_prestamoper,USER_TABLE,99
softland,sw_procesocorreo,USER_TABLE,1
softland,sw_procesos,USER_TABLE,499
softland,sw_procesosreservados,USER_TABLE,11
softland,SW_ProvVacTmpSP,USER_TABLE,0
softland,sw_rtaacc,USER_TABLE,0
softland,Sw_RtasAccRev,USER_TABLE,1
softland,sw_sucur_ban,USER_TABLE,0
softland,sw_tagcorreo,USER_TABLE,7
softland,sw_tipoconstante,USER_TABLE,3
softland,sw_tipodeposito,USER_TABLE,7
softland,sw_tipoefectivo,USER_TABLE,4
softland,sw_tipoevento,USER_TABLE,3
softland,SW_TipoTrabajador,USER_TABLE,5
softland,sw_tipovvista,USER_TABLE,3
softland,sw_tmpcalprvac,USER_TABLE,0
softland,sw_tmpformula,USER_TABLE,128
softland,sw_tmppersine,USER_TABLE,0
softland,sw_tmpvaraux,USER_TABLE,1
softland,sw_tmpvarauxisa,USER_TABLE,1
softland,sw_tratos,USER_TABLE,0
softland,sw_tratosformula,USER_TABLE,0
softland,sw_tratosper,USER_TABLE,0
softland,sw_trava,USER_TABLE,0
softland,sw_trc,USER_TABLE,0
softland,sw_trcarn,USER_TABLE,0
softland,sw_trcpago,USER_TABLE,0
softland,sw_vacadic,USER_TABLE,0
softland,sw_vacsolic,USER_TABLE,18
softland,sw_vacsollog,USER_TABLE,0
softland,sw_varcheque,USER_TABLE,0
softland,sw_varformato,USER_TABLE,0
softland,Sw_VarFormula,VIEW,0
softland,Sw_VarFormula_NUEVO,USER_TABLE,10922
softland,sw_variabdj,USER_TABLE,26
softland,sw_variable,USER_TABLE,308
softland,Sw_VariableMovCovid,USER_TABLE,34
softland,Sw_VariablePDJ,USER_TABLE,0
softland,Sw_VariablePDJ_Cv_20100310,USER_TABLE,0
softland,sw_variableper,VIEW,0
softland,Sw_VariablePersona,VIEW,0
softland,Sw_VariablePersona_NUEVO,USER_TABLE,92039
softland,Sw_VariableRta,VIEW,0
softland,Sw_VariableRtaAcc_NUEVO,USER_TABLE,0
softland,SW_VariablesAPV,USER_TABLE,264
softland,sw_variablesreservadas,USER_TABLE,149
softland,sw_varobsoletas,USER_TABLE,53
softland,sw_varporconcepto,USER_TABLE,0
softland,sw_varproceso,USER_TABLE,264
softland,sw_varprocesomes,USER_TABLE,2117
softland,sw_varsistedj,USER_TABLE,12
softland,Sw_VarSistema,VIEW,0
softland,Sw_VarSistema_NUEVO,USER_TABLE,89
softland,sw_varsistemagrilla,USER_TABLE,88
softland,sw_vartraspaso,USER_TABLE,201
softland,Sw_VsnpBancoSucursal,VIEW,0
softland,Sw_VsnpCertificadoHonorario,VIEW,0
softland,Sw_VsnpCertificadoHonPar,VIEW,0
softland,Sw_VsnpCertificadoSueldos,VIEW,0
softland,Sw_vsnpDecJurListError,VIEW,0
softland,sw_vsnpEnIsapre,VIEW,0
softland,sw_vsnpEstadoPer,VIEW,0
softland,sw_vsnpInpAfp,VIEW,0
softland,sw_vsnpInpPer1,VIEW,0
softland,Sw_vsnpPrimer_Ultimo_MesLiquidado,VIEW,0
softland,Sw_vsnpRegimen_PrevisionSalud,VIEW,0
softland,sw_vsnpRetornaFechaMesExistentes,VIEW,0
softland,SW_vsnpTratosLiqAcumXFichaMes,VIEW,0
softland,SW_vsnpTratosLiqAcumXFichaMesVar,VIEW,0
softland,SW_vsnpTratosLiqDetXFichaMesCC,VIEW,0
softland,SW_vsnpTratosLiqDetXFichaMesVarCC,VIEW,0
softland,swcapturadef,USER_TABLE,14
softland,swcapturarelacion,USER_TABLE,0
softland,SwControlHorario1,USER_TABLE,0
softland,SWDetVariablesCpbte,USER_TABLE,47
softland,swdocconfinvar,USER_TABLE,0
softland,swequivaprevired,USER_TABLE,67
softland,swfe_archivos,USER_TABLE,0
softland,swfe_duenoarchivo,USER_TABLE,0
softland,swfe_firmaspordoc,USER_TABLE,0
softland,swfe_log,USER_TABLE,0
softland,swfe_regfirma,USER_TABLE,0
softland,SWFormaPagoPrevired,USER_TABLE,2
softland,SWGrupoAPV,USER_TABLE,5
softland,SwLogCambioEstadoFicha,VIEW,0
softland,SwLogCambioEstadoFicha_NUEVO,USER_TABLE,38
softland,swlogch,USER_TABLE,0
softland,SWLogConstantes,USER_TABLE,24
softland,swloger,USER_TABLE,240
softland,swlogficha,USER_TABLE,1759
softland,SWLOGIngPres,USER_TABLE,0
softland,swloglockproceso,USER_TABLE,0
softland,swLogMdVar,USER_TABLE,4917
softland,swlogpe,USER_TABLE,0
softland,swotrosasoccc,USER_TABLE,0
softland,swotroscc,USER_TABLE,0
softland,swotroscpbte,USER_TABLE,0
softland,swotrosdetcpbte,USER_TABLE,0
softland,swotrosparam,USER_TABLE,0
softland,swparam,USER_TABLE,1
softland,swpe_kpi,USER_TABLE,5
softland,swpe_kpifiltrousuario,USER_TABLE,0
softland,swpe_usuarios,USER_TABLE,0
softland,SWProcActualizacionAuto,USER_TABLE,1
softland,swprocesoscaptura,USER_TABLE,3
softland,swproveedor,USER_TABLE,13
softland,SWRegimenAPV,USER_TABLE,2
softland,SWTipoAPV,USER_TABLE,15
softland,SWTipoCotiz,USER_TABLE,3
softland,swwizardorden,USER_TABLE,22
softland,swwizardordendesc,USER_TABLE,22
softland,swwizardtablas,USER_TABLE,32
softland,swwizardtablasnoborrar,USER_TABLE,59
softland,sysconstraints,VIEW,0
softland,syssegments,VIEW,0
softland,tabform,USER_TABLE,0
softland,tabformdet,USER_TABLE,0
softland,tabinfpar,USER_TABLE,224
softland,tablas,USER_TABLE,50
softland,tablasrefintegridad,USER_TABLE,67
softland,tem_form,USER_TABLE,422
softland,TempCwMovim,USER_TABLE,0
softland,TempCwMovPCC,USER_TABLE,0
softland,TEORDENCOM,USER_TABLE,0
softland,USUARIOS,VIEW,0
softland,vaparam,USER_TABLE,1
softland,VS002050,USER_TABLE,0
softland,vsnp_CuotaConNotaCredito,VIEW,0
softland,vsnp_CuotasPorDocumento,VIEW,0
softland,vsnp_CuotasPorDocumentoSCuotas,VIEW,0
softland,Vsnp_DTE_SiiTDoc,VIEW,0
softland,vsnp_SinCuotaConNotaCredito,VIEW,0
softland,vsnpFlujoDeCajaWG,VIEW,0
softland,vsnpWICVPKey,VIEW,0
softland,vsnpWIDependencias,VIEW,0
softland,vsnpWIObjVistasNumDependencias,VIEW,0
softland,vsnpWISObjColumnasSoftland,VIEW,0
softland,vsnpWISObjetosSoftland,VIEW,0
softland,vsnpWISObjTablasSoftland,VIEW,0
softland,vsnpWISObjTiposSoftland,VIEW,0
softland,vw_anupagotarjeta,USER_TABLE,0
softland,vw_apecaja,USER_TABLE,1
softland,vw_datosboletafiscal,USER_TABLE,0
softland,vw_elim,USER_TABLE,0
softland,vw_formexcel,USER_TABLE,0
softland,Vw_logCaja,USER_TABLE,7
softland,vw_logexporta,USER_TABLE,0
softland,Vw_LogImagArchivo,USER_TABLE,0
softland,vw_logmovcaja,USER_TABLE,20
softland,vw_logorsan,USER_TABLE,0
softland,vw_logvales,USER_TABLE,0
softland,vw_movcaja,USER_TABLE,3
softland,vw_movcaja_backup_4604SP07,USER_TABLE,3
softland,vw_tarjetatbk,USER_TABLE,14
softland,vw_tcaja,USER_TABLE,3
softland,vw_timpre,USER_TABLE,0
softland,vw_ttarje,USER_TABLE,6
softland,vw_vimpto,USER_TABLE,0
softland,vw_WG_SalCta,VIEW,0
softland,vw_WG_SalCtaGasto,VIEW,0
softland,vw_WG_SalCtaIngreso,VIEW,0
softland,vwcajondinero,USER_TABLE,5
softland,VwDsctoEmisor,USER_TABLE,0
softland,VwEmisorPagos,USER_TABLE,2
softland,VwIdLectorTarjeta,USER_TABLE,2
softland,vwparam,USER_TABLE,1
softland,vwparamvales,USER_TABLE,255
softland,vwpuntosvta,USER_TABLE,1
softland,vwrecargos,USER_TABLE,0
softland,VwTiposDsctoEmisor,USER_TABLE,1
softland,vwvalemov,USER_TABLE,0
softland,vwvalemovkit,USER_TABLE,0
softland,vwvalemovserie,USER_TABLE,0
softland,vwvales,USER_TABLE,0
softland,vwvisor,USER_TABLE,17
softland,WG_Alarmas,USER_TABLE,1
softland,WG_AlDef_AtEntPed,USER_TABLE,0
softland,WG_AlDef_AtReCom,USER_TABLE,0
softland,WG_AlDef_MantAct,USER_TABLE,0
softland,WG_AlDef_VenCont,USER_TABLE,0
softland,WG_Balance,USER_TABLE,3641
softland,WG_BalanceConNorma,USER_TABLE,0
softland,WG_Cabprevta,USER_TABLE,0
softland,WG_cli_doc_x_cli,USER_TABLE,0
softland,WG_CuentasResultado,USER_TABLE,0
softland,WG_CuentasResultadoConNorma,USER_TABLE,0
softland,WG_DetFlujoCaja,USER_TABLE,0
softland,WG_DetPresupVta,USER_TABLE,0
softland,WG_Detprevta,USER_TABLE,0
softland,WG_Emails,USER_TABLE,0
softland,WG_Filtro_Vta,USER_TABLE,0
softland,WG_FLUJO_OK_CTAS_DCTO,VIEW,0
softland,WG_FLUJO_OK_DETFLUJO,VIEW,0
softland,WG_FLUJO_OK_VENCXDOC,VIEW,0
softland,WG_Frecuencia,USER_TABLE,3
softland,WG_Items,USER_TABLE,1
softland,WG_ItemsRes,USER_TABLE,0
softland,WG_meses,USER_TABLE,12
softland,WG_ModeloFlujoCaja,USER_TABLE,24
softland,WG_Param,USER_TABLE,1
softland,wg_parametricas,USER_TABLE,4
softland,WG_periodo,USER_TABLE,101
softland,WG_Presup,USER_TABLE,0
softland,WG_PresupDet,USER_TABLE,0
softland,WG_RelAlUs,USER_TABLE,2
softland,WG_resultado,USER_TABLE,0
softland,WG_resultadoConNorma,USER_TABLE,0
softland,WG_resultadoGasto,USER_TABLE,0
softland,WG_resultadoIngreso,USER_TABLE,0
softland,WG_Revision,USER_TABLE,1
softland,WG_Saldo,USER_TABLE,30
softland,WG_SaldoConNorma,USER_TABLE,0
softland,WG_TemplateFlujoCaja,USER_TABLE,3
softland,WG_TipoAlarmas,USER_TABLE,18
softland,WG_TmpBodegas,USER_TABLE,0
softland,WG_TmpPresup,USER_TABLE,0
softland,WG_TmpPresupDet,USER_TABLE,0
softland,WG_TmpPresupDetAcum,USER_TABLE,0
softland,WG_TmpPresupVta,USER_TABLE,0
softland,WG_TmpReal,USER_TABLE,0
softland,WG_TmpRealDet,USER_TABLE,0
softland,WG_TmpRealDetAcum,USER_TABLE,0
softland,WG_TmpRealTmp,USER_TABLE,0
softland,WG_Usuarios,USER_TABLE,2
softland,WG_VSNP_FLUJODECAJA,VIEW,0
softland,WG_vsnpACompras,VIEW,0
softland,WG_vsnpAlarmaCompras,VIEW,0
softland,WG_vsnpAlarmaHorasExtrasSup,VIEW,0
softland,WG_vsnpAlarmaVentas,VIEW,0
softland,WG_vsnpAlarmaVentasNotaVenta,VIEW,0
softland,WG_vsnpAlarmaVentasNotaVentaAllProductos,VIEW,0
softland,WG_vsnpAlarmaVentasNotaVentaGrupo,VIEW,0
softland,WG_vsnpAlarmaVentasNotaVentaGrupoJoin,VIEW,0
softland,WG_vsnpAlarmaVentasNotaVentaProducto,VIEW,0
softland,WG_vsnpAlarmaVentasNotaVentaSubGrupo,VIEW,0
softland,WG_vsnpAlarmaVta,VIEW,0
softland,WG_vsnpAuxMVentasBod,VIEW,0
softland,WG_vsnpCartolaCliente,VIEW,0
softland,WG_vsnpCartolaClienteCta,VIEW,0
softland,WG_vsnpCliCotNV,VIEW,0
softland,WG_vsnpCompBodeVentStockMovi,VIEW,0
softland,WG_vsnpContratosClientes,VIEW,0
softland,WG_vsnpCuboVentas,VIEW,0
softland,WG_vsnpCuboVentasRes,VIEW,0
softland,WG_vsnpDetalleNV,VIEW,0
softland,WG_vsnpGruposSubGrupos,VIEW,0
softland,WG_vsnpListadoAlarmas,VIEW,0
softland,WG_vsnpModFlujoCaja,VIEW,0
softland,wg_vsnpNotasDeVentaEntregadasConAtraso,VIEW,0
softland,wg_vsnpNotasDeVentaNoEntregadas,VIEW,0
softland,wg_vsnpOrdenComPendientesYAprobadores,VIEW,0
softland,wg_vsnpOrdenesdeCompraConSaldoPendiente,VIEW,0
softland,wg_vsnpOrdenesdeCompraRecepcionadasAtrasadas,VIEW,0
softland,WG_vsnpSalctaConNorma,VIEW,0
softland,WG_vsnpsaldocuenta,VIEW,0
softland,WG_vsnpSaldoDetalleNV,VIEW,0
softland,WG_vsnpVentasGSGP,VIEW,0
softland,WG_vta_Comparativo,USER_TABLE,0
softland,WG_vta_doc_x_dia,USER_TABLE,0
softland,WG_vta_doc_x_mes,USER_TABLE,0
softland,WG_Vta_GrSubGrProd,USER_TABLE,0
softland,WG_vta_margen_concepto,USER_TABLE,0
softland,WG_vta_x_cli_mes,USER_TABLE,100
softland,WG_vta_x_gru_subgru,USER_TABLE,0
softland,WG_vta_x_mes,USER_TABLE,0
softland,WG_vta_x_mes_cli,USER_TABLE,0
softland,WG_vta_x_mes_gru_subgru,USER_TABLE,0
softland,WG_vta_x_mes_grusubgru,USER_TABLE,0
softland,WG_vta_x_mes_ven,USER_TABLE,0
softland,WG_vta_x_ven_mes,USER_TABLE,0
softland,WG_vta_xgrusubgru,USER_TABLE,0
softland,WG_vta_xmescli,USER_TABLE,505
softland,WG_vta_xmesven,USER_TABLE,0
softland,WGParam,USER_TABLE,1
softland,WGTablas,USER_TABLE,0
softland,WGvsnpSalCtaFlujo,VIEW,0
softland,WGvsnpSalCtaFlujoTmp,VIEW,0
softland,WGvsnpSalCtaFlujoVenc,VIEW,0
softland,wiapikeys,USER_TABLE,1
softland,WICambioPW,USER_TABLE,8
softland,WICambiosVsBD,USER_TABLE,135
softland,WiEnvios,USER_TABLE,8
softland,wife_app,USER_TABLE,1
softland,wife_empresa,USER_TABLE,1
softland,wife_persona,USER_TABLE,0
softland,wife_tipodoc,USER_TABLE,4
softland,wife_tipoestado,USER_TABLE,5
softland,WIfirmas,USER_TABLE,0
softland,WiFolioSucursal,USER_TABLE,0
softland,WILock,USER_TABLE,7
softland,WILOG,USER_TABLE,237819
softland,WILogDesLock,USER_TABLE,17217
softland,WiLogDetWILock,USER_TABLE,394
softland,wilogtablac,USER_TABLE,31
softland,wilogtablad,USER_TABLE,285
softland,wilogtablal,USER_TABLE,3
softland,WILogWiLock,USER_TABLE,85
softland,WINoticias,USER_TABLE,4
softland,WINotificacionUsuarios,USER_TABLE,0
softland,WINUsuariosInformados,USER_TABLE,0
softland,WIObjetos,USER_TABLE,211
softland,WIPARAM01,USER_TABLE,1
softland,WIParam01LOG,USER_TABLE,5453
softland,WIReportes,USER_TABLE,1
softland,WIS_vsnpPermisosG,VIEW,0
softland,WIS_vsnpPermisosS,VIEW,0
softland,WIS_vsnpPermisosXProcesosPerfil,VIEW,0
softland,WIS_vsnpPermisosXProcesosUser,VIEW,0
softland,wiscontrol,USER_TABLE,0
softland,wisdoc_exa,USER_TABLE,0
softland,WisEventosTablasBD,USER_TABLE,0
softland,WisEventosTablasBDLogSyncSch,USER_TABLE,0
softland,wisformularios,USER_TABLE,977
softland,WISGrupoTrab,USER_TABLE,0
softland,wishistpsw,USER_TABLE,55
softland,wisotros,USER_TABLE,0
softland,wisparpsw,USER_TABLE,1
softland,wisperfiles,USER_TABLE,42
softland,wisperfilusuario,USER_TABLE,187
softland,WISReportesPerfil,USER_TABLE,3
softland,wisrestab,USER_TABLE,4
softland,wisrestperfil,USER_TABLE,4234
softland,wisrestproc,USER_TABLE,55
softland,wisrestri,USER_TABLE,28
softland,WISrestricciones,USER_TABLE,2975
softland,WISrestusuario,USER_TABLE,2108
softland,wissistemas,USER_TABLE,11
softland,WISusuarios,USER_TABLE,18
softland,WISUSUARIOSLOG,USER_TABLE,2
softland,witablaconatrib,USER_TABLE,4
softland,WIVersion,USER_TABLE,19
softland,WP_Pagos,VIEW,0
softland,xw_aec_doc,USER_TABLE,0
softland,xw_cxnobloquear,USER_TABLE,0
softland,XW_CXNoBloquear_Docs,USER_TABLE,0
softland,xw_fintoc_conexion_alias,USER_TABLE,0
softland,xw_formpl,USER_TABLE,1
softland,xw_vsnp_CompPago,VIEW,0
softland,xw_vsnpCtasBanc,VIEW,0
softland,xw_vsnpIDVenCiu,VIEW,0
softland,xw_vsnpInfSal,VIEW,0
softland,xwarqueo,USER_TABLE,0
softland,xwarqueo_det,USER_TABLE,0
softland,xwbloqueodocspagoenlinea,USER_TABLE,0
softland,xwcabco,USER_TABLE,0
softland,xwcapturadef,USER_TABLE,9
softland,xwcapturarelacion,USER_TABLE,0
softland,xwcobranza,USER_TABLE,0
softland,xwctadocco,USER_TABLE,0
softland,xwdetco,USER_TABLE,0
softland,xwestraux,USER_TABLE,34
softland,XWFintocModule,USER_TABLE,0
softland,xwgestorcontabilizacionfilters,USER_TABLE,0
softland,xwlotedesp,USER_TABLE,0
softland,xwparam,USER_TABLE,1
softland,xwparamlt,USER_TABLE,0
softland,xwprocesoscaptura,USER_TABLE,1
softland,xwrobotconexbco,USER_TABLE,0
softland,xwrobotconexbcoctas,USER_TABLE,0
softland,XWRobotGlobalSettings,USER_TABLE,1
softland,xwrobotparametroscontab,USER_TABLE,0
softland,xwseguimiento,USER_TABLE,0
softland,xwtbanco,USER_TABLE,45
softland,xwtctaban,USER_TABLE,0
softland,xwteqmo,USER_TABLE,0
softland,xwtfpago,USER_TABLE,10
softland,xwtpglos,USER_TABLE,18
softland,xwtplaza,USER_TABLE,0
softland,xwttcomp,USER_TABLE,1
softland,xwttipodesp,USER_TABLE,0
